{"details": [{"firstname": "asd", "lastname": "xcv", "email": "qw", "mobileno": "34", "address": "34"}, {"firstname": "3456789", "lastname": "23456789", "email": "34567890", "mobileno": "2345678", "address": "34567890"}, {"firstname": "2345678", "lastname": "34567", "email": "34567", "mobileno": "4567", "address": "23456"}, {"firstname": "Arjun", "lastname": "Harinkede", "email": "78", "mobileno": "asdf", "address": "asd"}, {"firstname": "", "lastname": "ra", "email": "asd", "mobileno": "asd", "address": "sd"}, {"firstname": "Rahul", "lastname": "Kumar", "email": "sk", "mobileno": "sdfg", "address": "sxcv"}, {"firstname": "Aertyuiop[", "lastname": "qwertyuop[", "email": "asdfgyuio", "mobileno": "zxcvbnm,.", "address": "asdfghjk"}, {"firstname": "/'/'/'/'/", "lastname": "[][]'/", "email": ".;[';./'", "mobileno": "][';/", "address": "[]';/."}, {"firstname": "8987879//7+", "lastname": "+++", "email": "++", "mobileno": "++", "address": "++"}, {"firstname": "dsf", "lastname": "dfv", "email": "++", "mobileno": "dfs+", "address": "+"}, {"firstname": "sd", "lastname": "skdf", "email": "kds", "mobileno": "ksdjlds", "address": "dsjbkss"}, {"firstname": "sd", "lastname": "kkdsh", "email": "qw", "mobileno": "ds", "address": "svd"}, {"firstname": "sdfj", "lastname": "jssj", "email": "a@gmail.com", "mobileno": "sjv", "address": "sdh"}, {"firstname": "gh", "lastname": "hvjh", "email": "gf@jvj.com", "mobileno": "2522", "address": ""}, {"firstname": "Rahul", "lastname": "kumar", "email": "s@gmail.com", "mobileno": "8804138876", "address": "djhg"}, {"firstname": "arjun", "lastname": "harinkhede", "email": "arjun@gmail.com", "mobileno": "7083593299", "address": "jadsghjyf"}, {"firstname": "avsja", "lastname": "amsdbk", "email": "asd@gmail.com", "mobileno": "5255552222", "address": "smndbk"}, {"firstname": "rahul", "lastname": "kumar", "email": "r@g.com", "mobileno": "8804138876", "address": "8sgdfsf"}, {"firstname": "rahhhh", "lastname": "sldjfsl", "email": "a@d.com", "mobileno": "4462221888", "address": "ddsgadaf"}, {"firstname": "rah", "lastname": "raaa", "email": "j@j.com", "mobileno": "1235678991", "address": "shdfksf"}, {"firstname": "dsfi", "lastname": "shdf", "email": "skd@h.com", "mobileno": "3215469875", "address": "shdfkshf"}, {"firstname": "sdfgksdf", "lastname": "hdgfks", "email": "dsfhg@d.com", "mobileno": "5454544551", "address": "sdjhshflgl"}]}